{"cameraMode":{"drawMode":0,"name":"Shaded","section":"Shading Mode"},"sceneLighting":false,"audioPlay":false,"sceneViewState":{"m_AlwaysRefresh":false,"showFog":true,"showSkybox":false,"showFlares":true,"showImageEffects":true,"showParticleSystems":true,"showVisualEffectGraphs":true,"m_FxEnabled":true},"in2DMode":false,"pivot":{"x":-0.6135295033454895,"y":1.4849743843078614,"z":-0.8206487894058228},"rotation":{"x":-0.18481874465942384,"y":-0.37077128887176516,"z":0.07555068284273148,"w":-0.9070082306861877},"size":1.2247449159622193,"orthographic":false}