{"cameraMode":{"drawMode":0,"name":"Shaded","section":"Shading Mode"},"sceneLighting":false,"audioPlay":false,"sceneViewState":{"m_AlwaysRefresh":false,"showFog":true,"showSkybox":false,"showFlares":true,"showImageEffects":true,"showParticleSystems":true,"showVisualEffectGraphs":true,"m_FxEnabled":true},"in2DMode":false,"pivot":{"x":-0.43622860312461855,"y":1.2982088327407838,"z":-0.47413623332977297},"rotation":{"x":0.3419783115386963,"y":0.07423914223909378,"z":-0.027109041810035707,"w":0.9363816380500794},"size":0.33541321754455569,"orthographic":false}